priority	arxiv_id	citation_key	title	source_url	local_path	sha256	bytes	status
P1	2506.01844	smolvla	SmolVLA: A Vision-Language-Action Model for Affordable and Efficient Robotics	https://arxiv.org/pdf/2506.01844	literature/papers/P1_2506.01844_smolvla.pdf	cb1bb9a8f824187fcdc32af8c290214487c524f139a3c2def1c6d97adb1fa40c	8921356	DOWNLOADED
P1	2604.05656	snapflow	SnapFlow: One-Step Action Generation for Flow-Matching VLAs via Progressive Self-Distillation	https://arxiv.org/pdf/2604.05656	literature/papers/P1_2604.05656_snapflow.pdf	90a0a575519167a0cdca218d7525a785fde95ccdb03a5e8f23414ac84ec1357f	2176740	DOWNLOADED
P1	2602.17659	libero_cf	When Vision Overrides Language: Evaluating and Mitigating Counterfactual Failures in VLAs	https://arxiv.org/pdf/2602.17659	literature/papers/P1_2602.17659_libero_cf.pdf	0708178e3aa7bd25afc7648922b10cf4360214e40bc3c648840e10032a390690	4298359	DOWNLOADED
P1	2410.24164	pi0	pi0: A Vision-Language-Action Flow Model for General Robot Control	https://arxiv.org/pdf/2410.24164	literature/papers/P1_2410.24164_pi0.pdf	fbdfba56258bdbd220207ba63410c6c943e43a73e97a7a5a47ca0bc74204f821	7893845	DOWNLOADED
P1	2210.02747	flow_matching	Flow Matching for Generative Modeling	https://arxiv.org/pdf/2210.02747	literature/papers/P1_2210.02747_flow_matching.pdf	5eeb39ba516396924aba4787452f9d0abdee88467a4d0c264d9f66cad0c5ee14	25147129	DOWNLOADED
P1	2303.01469	consistency_models	Consistency Models	https://arxiv.org/pdf/2303.01469	literature/papers/P1_2303.01469_consistency_models.pdf	b36df36eb96abcad5ad67173952258c34f2ba0624c15acaaf38bebf855074043	31529980	DOWNLOADED
P2	2608.04396	cofactvla	CofactVLA: Deconfounding Vision-Language-Action Models via Counterfactual Intervention	https://arxiv.org/pdf/2608.04396	literature/papers/P2_2608.04396_cofactvla.pdf	f8f395dd5b4f292347c462ea1c2cd3a95384361a259b70ade4104b06de0bf7af	14233549	DOWNLOADED
P2	2608.04510	guard	GUARD: Grounding Uncertainty and Ablation-Based Risk Detection for Diffusion-Based VLAs	https://arxiv.org/pdf/2608.04510	literature/papers/P2_2608.04510_guard.pdf	2c227ded9ecd68ed33ddf5d38facf3ceacf255d9244c100300333c95fd39a5a0	7747864	DOWNLOADED
P2	2605.30117	vla_trace	VLA-Trace: Diagnosing Vision-Language-Action Models through Representation and Behavior Tracing	https://arxiv.org/pdf/2605.30117	literature/papers/P2_2605.30117_vla_trace.pdf	4246cf9a0e1e47d727ff8ac53d25d1e504c96cf5dc88c4b7fce4c42368577b70	10527784	DOWNLOADED
P2	2603.28301	libero_para	LIBERO-Para: A Diagnostic Benchmark and Metrics for Paraphrase Robustness in VLA Models	https://arxiv.org/pdf/2603.28301	literature/papers/P2_2603.28301_libero_para.pdf	b19c9eceb22536b161a74180d11b34b4aaf81dd63b815eb14124ffafd2864707	8307527	DOWNLOADED
P2	2603.12480	one_step_flow_policy	One-Step Flow Policy: Self-Distillation for Fast Visuomotor Policies	https://arxiv.org/pdf/2603.12480	literature/papers/P2_2603.12480_one_step_flow_policy.pdf	185d5e9ddb73bfa0206c3977af3cde85155f58f9b269156db3ab13e32a3c78ac	1543970	DOWNLOADED
P3	1803.00443	jacobian_matching	Knowledge Transfer with Jacobian Matching	https://arxiv.org/pdf/1803.00443	literature/papers/P3_1803.00443_jacobian_matching.pdf	28d51857efc3cb563717e0f65f981012a05a65a0a61b0f4a41cfd92d8b28489b	959408	DOWNLOADED
P3	1904.05068	relational_kd	Relational Knowledge Distillation	https://arxiv.org/pdf/1904.05068	literature/papers/P3_1904.05068_relational_kd.pdf	f95d58df95d542a63557ea25dee6734736c9249b1bb3040124427ec44a0d15a3	1678887	DOWNLOADED
